REVIEW_NUMBER,REVIEW_SUMMARY
1,Great value for the money.
2,Not as described and very disappointing.
3,Not as described and very disappointing.
4,The product is fantastic and exceeded my expectations.
5,The item was defective and I had to return it.
6,The item was defective and I had to return it.
7,I am extremely satisfied with this purchase.
8,The quality is top-notch and the design is sleek.
9,The product did not meet my expectations.
10,Not as described and very disappointing.
11,Very poor quality and overpriced.
12,The product is fantastic and exceeded my expectations.
13,Great value for the money.
14,I am extremely satisfied with this purchase.
15,Great value for the money.
16,The product is fantastic and exceeded my expectations.
17,The product is fantastic and exceeded my expectations.
18,I am extremely satisfied with this purchase.
19,The item was defective and I had to return it.
20,Very poor quality and overpriced.
21,The product is fantastic and exceeded my expectations.
22,The item was defective and I had to return it.
23,The item was defective and I had to return it.
24,"Excellent product, would highly recommend."
25,I am extremely satisfied with this purchase.
26,Very poor quality and overpriced.
27,Very poor quality and overpriced.
28,The quality is top-notch and the design is sleek.
29,The item was defective and I had to return it.
30,The product did not meet my expectations.
31,Not as described and very disappointing.
32,The quality is top-notch and the design is sleek.
33,Not as described and very disappointing.
34,The item was defective and I had to return it.
35,I am extremely satisfied with this purchase.
36,Great value for the money.
37,I am extremely satisfied with this purchase.
38,Very poor quality and overpriced.
39,The product did not meet my expectations.
40,It arrived damaged and was not usable.
41,The quality is top-notch and the design is sleek.
42,Not as described and very disappointing.
43,Very poor quality and overpriced.
44,The product is fantastic and exceeded my expectations.
45,The product is fantastic and exceeded my expectations.
46,Great value for the money.
47,The quality is top-notch and the design is sleek.
48,"Excellent product, would highly recommend."
49,The product is fantastic and exceeded my expectations.
50,The item was defective and I had to return it.
51,The product did not meet my expectations.
52,It arrived damaged and was not usable.
53,"Excellent product, would highly recommend."
54,The product did not meet my expectations.
55,It arrived damaged and was not usable.
56,The quality is top-notch and the design is sleek.
57,The item was defective and I had to return it.
58,The product did not meet my expectations.
59,Great value for the money.
60,The quality is top-notch and the design is sleek.
61,The item was defective and I had to return it.
62,Very poor quality and overpriced.
63,The quality is top-notch and the design is sleek.
64,The product is fantastic and exceeded my expectations.
65,Great value for the money.
66,The quality is top-notch and the design is sleek.
67,Great value for the money.
68,Very poor quality and overpriced.
69,The quality is top-notch and the design is sleek.
70,Not as described and very disappointing.
71,Great value for the money.
72,Not as described and very disappointing.
73,I am extremely satisfied with this purchase.
74,I am extremely satisfied with this purchase.
75,The item was defective and I had to return it.
76,"Excellent product, would highly recommend."
77,The product is fantastic and exceeded my expectations.
78,Very poor quality and overpriced.
79,Great value for the money.
80,The product did not meet my expectations.
81,Very poor quality and overpriced.
82,The quality is top-notch and the design is sleek.
83,The quality is top-notch and the design is sleek.
84,"Excellent product, would highly recommend."
85,The quality is top-notch and the design is sleek.
86,The quality is top-notch and the design is sleek.
87,Great value for the money.
88,Great value for the money.
89,Very poor quality and overpriced.
90,Great value for the money.
91,Great value for the money.
92,The product did not meet my expectations.
93,It arrived damaged and was not usable.
94,Very poor quality and overpriced.
95,The quality is top-notch and the design is sleek.
96,The product is fantastic and exceeded my expectations.
97,Not as described and very disappointing.
98,I am extremely satisfied with this purchase.
99,The product did not meet my expectations.
100,The quality is top-notch and the design is sleek.
101,It arrived damaged and was not usable.
102,Great value for the money.
103,The quality is top-notch and the design is sleek.
104,The product is fantastic and exceeded my expectations.
105,The quality is top-notch and the design is sleek.
106,The product did not meet my expectations.
107,The product is fantastic and exceeded my expectations.
108,Not as described and very disappointing.
109,Great value for the money.
110,The product did not meet my expectations.
111,It arrived damaged and was not usable.
112,The item was defective and I had to return it.
113,The product did not meet my expectations.
114,The item was defective and I had to return it.
115,I am extremely satisfied with this purchase.
116,The product did not meet my expectations.
117,Not as described and very disappointing.
118,The quality is top-notch and the design is sleek.
119,Very poor quality and overpriced.
120,Great value for the money.
121,The item was defective and I had to return it.
122,"Excellent product, would highly recommend."
123,The item was defective and I had to return it.
124,Not as described and very disappointing.
125,The item was defective and I had to return it.
126,I am extremely satisfied with this purchase.
127,Not as described and very disappointing.
128,The product did not meet my expectations.
129,Not as described and very disappointing.
130,The quality is top-notch and the design is sleek.
131,The quality is top-notch and the design is sleek.
132,"Excellent product, would highly recommend."
133,It arrived damaged and was not usable.
134,Great value for the money.
135,I am extremely satisfied with this purchase.
136,The product did not meet my expectations.
137,The product did not meet my expectations.
138,"Excellent product, would highly recommend."
139,It arrived damaged and was not usable.
140,"Excellent product, would highly recommend."
141,The quality is top-notch and the design is sleek.
142,"Excellent product, would highly recommend."
143,I am extremely satisfied with this purchase.
144,Great value for the money.
145,Great value for the money.
146,"Excellent product, would highly recommend."
147,The item was defective and I had to return it.
148,It arrived damaged and was not usable.
149,"Excellent product, would highly recommend."
150,It arrived damaged and was not usable.
151,"Excellent product, would highly recommend."
152,Not as described and very disappointing.
153,It arrived damaged and was not usable.
154,I am extremely satisfied with this purchase.
155,It arrived damaged and was not usable.
156,The product is fantastic and exceeded my expectations.
157,I am extremely satisfied with this purchase.
158,Not as described and very disappointing.
159,Great value for the money.
160,The item was defective and I had to return it.
161,I am extremely satisfied with this purchase.
162,It arrived damaged and was not usable.
163,The item was defective and I had to return it.
164,Very poor quality and overpriced.
165,Not as described and very disappointing.
166,The quality is top-notch and the design is sleek.
167,The item was defective and I had to return it.
168,The item was defective and I had to return it.
169,The product did not meet my expectations.
170,It arrived damaged and was not usable.
171,The product did not meet my expectations.
172,I am extremely satisfied with this purchase.
173,"Excellent product, would highly recommend."
174,Very poor quality and overpriced.
175,Not as described and very disappointing.
176,Great value for the money.
177,I am extremely satisfied with this purchase.
178,I am extremely satisfied with this purchase.
179,The product did not meet my expectations.
180,Very poor quality and overpriced.
181,The product did not meet my expectations.
182,The quality is top-notch and the design is sleek.
183,The quality is top-notch and the design is sleek.
184,Very poor quality and overpriced.
185,The product is fantastic and exceeded my expectations.
186,The item was defective and I had to return it.
187,Very poor quality and overpriced.
188,Great value for the money.
189,The product is fantastic and exceeded my expectations.
190,The quality is top-notch and the design is sleek.
191,"Excellent product, would highly recommend."
192,The quality is top-notch and the design is sleek.
193,The product did not meet my expectations.
194,Not as described and very disappointing.
195,I am extremely satisfied with this purchase.
196,The product did not meet my expectations.
197,Great value for the money.
198,Very poor quality and overpriced.
199,It arrived damaged and was not usable.
200,It arrived damaged and was not usable.
201,Not as described and very disappointing.
202,Great value for the money.
203,Very poor quality and overpriced.
204,The item was defective and I had to return it.
205,Great value for the money.
206,The item was defective and I had to return it.
207,It arrived damaged and was not usable.
208,The product did not meet my expectations.
209,The product is fantastic and exceeded my expectations.
210,I am extremely satisfied with this purchase.
211,The product did not meet my expectations.
212,The quality is top-notch and the design is sleek.
213,The product did not meet my expectations.
214,The item was defective and I had to return it.
215,The item was defective and I had to return it.
216,I am extremely satisfied with this purchase.
217,Very poor quality and overpriced.
218,Not as described and very disappointing.
219,Very poor quality and overpriced.
220,The product is fantastic and exceeded my expectations.
221,Very poor quality and overpriced.
222,"Excellent product, would highly recommend."
223,Great value for the money.
224,The quality is top-notch and the design is sleek.
225,The quality is top-notch and the design is sleek.
226,I am extremely satisfied with this purchase.
227,Great value for the money.
228,I am extremely satisfied with this purchase.
229,The item was defective and I had to return it.
230,The product did not meet my expectations.
231,"Excellent product, would highly recommend."
232,The item was defective and I had to return it.
233,I am extremely satisfied with this purchase.
234,The product did not meet my expectations.
235,The quality is top-notch and the design is sleek.
236,The product is fantastic and exceeded my expectations.
237,Not as described and very disappointing.
238,The product did not meet my expectations.
239,Great value for the money.
240,The item was defective and I had to return it.
241,Very poor quality and overpriced.
242,"Excellent product, would highly recommend."
243,Very poor quality and overpriced.
244,"Excellent product, would highly recommend."
245,"Excellent product, would highly recommend."
246,It arrived damaged and was not usable.
247,It arrived damaged and was not usable.
248,Great value for the money.
249,I am extremely satisfied with this purchase.
250,Great value for the money.